Epochs,Time,Best Action,Best Residuum,Best Action global optimum,Best Residuum global optimum
1000.0,3.082,[0.2542685  0.13912988],9.166505591751872e-07,[0.97511494 1.04273069],0.04944874031058726
5000.0,9.81,[-1.07163441  1.35560369],1.5952958870778183e-07,[0.98484522 0.99938327],0.015167322777147066
10000.0,17.574,[0.77991146 0.62997615],8.67796532872341e-06,[0.97747838 1.0144397 ],0.026753095864165282
50000.0,92.991,[-0.09056232  0.11724898],7.715800396848144e-09,[1.00248635 1.01121473],0.011487043404259652
