Epochs,Time,Best Action,Best Residuum
1000.0,3.794,[0.00037948],[0.00075889]
5000.0,15.402,[2.45503616e-05],[4.91004217e-05]
10000.0,39.177,[-3.29602044e-05],[6.59209519e-05]
50000.0,548.275,[0.00031125],[0.00062244]
