Epochs,Time,Best Action,Best Residuum,Best Action global optimum,Best Residuum global optimum
1000.0,3.305,[0.99306941 0.97132391],0.14879096236667172,[1.02104425 1.00144994],0.021094145459801487
5000.0,9.898,[1.061149   1.14505315],0.19974939144030876,[0.95667106 1.02900386],0.05214039632097541
10000.0,15.447,[0.91975319 0.83422208],0.14207194496688433,[0.98611528 1.01858294],0.02319722398878931
50000.0,107.568,[0.89070129 0.79465717],0.11007902548654361,[1.02101529 1.02270281],0.030936386169800118
