Steps,x0,Solution,Num Iter,Tolerance,Time
5,[-5.  5.],[1. 1.],5,0.0,0.004000186920166016
10,[-5.  5.],[1. 1.],10,0.0,0.00599980354309082
15,[-5.  5.],[1. 1.],15,0.0,0.007999897003173828
20,[-5.  5.],[1. 1.],20,0.0,0.010999679565429688
