Steps,x0,Solution,Num Iter,Tolerance,Time
5,5.0,2.5777322409608865,4,0.1919822296803333,0.0050013065338134766
10,5.0,2.4936955491125654,9,7.105427357601002e-15,0.006999969482421875
15,5.0,2.493695549112565,14,0.0,0.009998083114624023
20,5.0,2.493695549112565,19,0.0,0.012999296188354492
