Epochs,Time,Best Action,Best Residuum,Best Action global optimum,Best Residuum global optimum
1000.0,3.181,"[-0.31096017 -0.49408755  1.79192293  0.51676911  0.18931837  0.56716037
 -1.40107787 -1.32334459  0.37750757  0.01921498]",0.12927228302453297,"[-1.46956313  0.50317448  1.23750794  0.82162386 -0.10006706 -0.8278805
 -0.32445905 -0.67181969  0.09367441 -0.15082665]",0.924549516573052
5000.0,9.702,"[-0.48311168  0.29923525  0.6719203  -0.18301614  1.33108175 -0.0711502
 -0.40978265  0.20903981 -1.37302589 -0.01701098]",0.06515277611989963,"[-0.57029372  0.75875348  1.03696442  0.76360977  0.13147961 -0.2908971
 -0.46521527 -0.05163684 -0.30970371  0.26549444]",0.9093644900705331
10000.0,17.513,"[-0.97446001 -0.33348921 -0.87956125 -1.03466702  0.47094405  0.72333008
  1.49586749 -0.19381776  0.76474929  0.00272322]",0.017688410820947742,"[-1.04677093  0.05005951  1.2746861   0.70339024 -0.14759578 -0.10103887
 -0.59589034  0.29286408  0.13269942  0.61853111]",1.1439924636603307
50000.0,102.152,"[ 0.01506184  1.13049495 -0.49806625  1.15905142 -0.27840912  0.44626042
 -1.68302965 -1.09947276  0.80385137  0.00702941]",0.007106056245442493,"[-1.23441792  0.33613533  1.11675096  0.16758284  0.04288289 -0.85935259
 -0.28786102 -0.40058416 -0.02822359 -0.1353347 ]",0.6917535992302581
