Epochs,Time,Best Action,Best Residuum
1000.0,3.507,[0.00049217],[9.68671553e-07]
5000.0,15.117,[0.00012382],[6.13229583e-08]
10000.0,32.3,[-9.26498324e-05],[3.43375557e-08]
50000.0,503.706,[-2.28732824e-05],[2.09277213e-09]
